Month,Demand Deposits,Time Deposits,Aggregate deposits (2+3),Aggregate deposits (2+3) (Adjusted),Borrowings from RBI,Liabilities to Banks,Other demand and time liabilities,Investments in Govt. securities,Investments in other approved securities,Investment In India(8+9),Investment In India(8+9) (Adjusted),Food credit,Non - Food credit,Bank Credit (11+12),Bank Credit (11+12) (Adjusted),Cash in hand,Balances with RBI,Assets with Banks,Liquidity,Deposit Stability Growth,Deposit Stability,CD Ratio,Investment/Deposit Ratio,Market Risk Volatility,Market Risk - Coefficient of Variation
25/7/2025 0:00,"2,876,368","20,473,459","23,349,827",-,"1,906","469,955","989,672","6,726,284",544,"6,726,828",-,"56,674","18,444,703","18,501,377",-,"82,475","918,229","369,221","8,096,209",0.32470626,14.04925265,79.23560722,28.80889719,0.930420755,-111.5638558
26/7/2025 0:00,"3,072,874","20,352,771","23,425,645","23,373,019","1,065","496,493","1,046,816","6,696,348",454,"6,696,802","6,650,215","64,389","18,421,811","18,486,200","18,091,714","86,671","933,483","398,514","8,115,016",-1.08045143,15.09806386,78.91436668,28.58748087,0.951852909,-117.489878
27/7/2025 0:00,"2,988,921","20,183,622","23,172,543","23,117,503","6,516","500,764","1,034,574","6,706,169",548,"6,706,717","6,660,129","70,581","18,216,796","18,287,377","17,888,404","87,179","956,086","403,817","8,153,251",-1.345030432,14.80864393,78.9183009,28.94251766,0.96943331,-117.6037422
28/7/2025 0:00,"2,638,562","20,222,302","22,860,865","22,802,333","24,763","475,578","1,015,129","6,692,827",616,"6,693,443","6,645,677","32,126","18,155,766","18,187,891","17,775,402","81,711","909,269","372,053","8,055,860",-1.22595423,13.04778442,79.55906985,29.27904442,0.969093817,-118.70368
29/7/2025 0:00,"2,698,049","19,882,552","22,580,601","22,521,155","311,466","451,305","1,061,632","6,697,298",630,"6,697,928","6,650,167","36,531","18,207,441","18,243,972","17,822,605","81,874","882,415","348,496","8,010,083",-1.312173216,13.56993201,80.79489215,29.66230967,0.969615859,-120.5133878
30/7/2025 0:00,"2,524,095","19,760,209","22,284,305","22,222,442","301,901","422,162","1,021,608","6,650,508",524,"6,651,031","6,600,150","47,448","17,942,532","17,989,979","17,556,777","81,760","888,462","319,380","7,940,110",-0.707817378,12.77362549,80.72937352,29.84625962,0.970099148,-120.9193189
31/7/2025 0:00,"2,510,913","19,615,659","22,126,572","22,062,333","354,098","448,209","990,921","6,635,022",504,"6,635,526","6,584,651","56,179","17,812,300","17,868,479","17,426,890","84,829","889,895","309,919","7,919,665",-0.289159609,12.80055483,80.75574584,29.98894717,0.979926545,-123.6635552
1/8/2025 0:00,"2,569,573","19,493,019","22,062,591","21,995,901","244,697","456,515","996,626","6,595,249",498,"6,595,747","6,544,879","56,139","17,686,899","17,743,037","17,304,495","89,267","939,428","339,609","7,963,552",-0.204534542,13.18201451,80.421367,29.8956126,1.015623444,-131.8465148
2/8/2025 0:00,"2,576,789","19,440,677","22,017,466","21,948,305","21,293","436,037","1,021,781","6,538,351",565,"6,538,915","6,487,697","51,254","17,457,702","17,508,956","17,052,942","90,867","1,023,815","314,490","7,967,523",-0.949854645,13.254624,79.5230295,29.69876471,1.040713357,-131.38702
3/8/2025 0:00,"2,544,608","19,263,724","21,808,332","21,735,760","7,756","448,036","950,616","6,490,267",741,"6,491,008","6,429,418","18,654","17,219,020","17,237,674","16,772,030","91,269","984,541","339,900","7,905,977",-1.387839126,13.20932319,79.04169116,29.76389027,1.042469701,-134.2591257
4/8/2025 0:00,"2,498,373","19,007,294","21,505,667","21,430,192","51,223","462,140","1,031,197","6,403,395",649,"6,404,044","6,340,502","39,851","17,085,201","17,125,052","16,648,643","86,246","956,255","345,892","7,791,788",-0.839504763,13.14428704,79.63041504,29.77840182,1.047776388,-137.0061445
5/8/2025 0:00,"2,446,039","18,879,087","21,325,126","21,246,179","6,708","499,367","930,738","6,365,128",358,"6,365,487","6,300,584","24,361","16,920,948","16,945,309","16,459,977","96,191","960,220","392,637","7,814,177",-0.616913915,12.95634226,79.46170441,29.84970344,1.051931321,-139.0490491
6/8/2025 0:00,"2,444,220","18,749,348","21,193,568","21,110,367","7,161","495,646","898,968","6,312,657","1,111","6,313,767","6,248,416","56,380","16,757,555","16,813,935","16,320,298","99,350","976,073","363,113","7,751,194",0.433287205,13.03629526,79.33508169,29.79095991,1.145115776,-139.896531
7/8/2025 0:00,"2,601,677","18,683,720","21,285,397","21,196,001","102,741","508,732","929,579","6,157,070","1,137","6,158,207","6,092,862","33,904","16,852,125","16,886,029","16,385,798","104,977","973,455","376,530","7,612,032",-0.931112614,13.92483597,79.33151672,28.93160437,1.173130054,-148.3641379
8/8/2025 0:00,"2,506,493","18,580,713","21,087,206","20,992,028","71,305","523,457","967,361","6,182,473","1,029","6,183,502","6,098,620","40,259","16,742,623","16,782,882","16,271,803","90,895","951,109","362,432","7,586,909",-1.583009073,13.48975598,79.58798025,29.3234766,1.22067158,-149.1832782
9/8/2025 0:00,"2,461,947","18,291,447","20,753,394","20,647,412","85,339","539,651","897,248","6,147,101","1,110","6,148,210","6,060,907","18,090","16,473,706","16,491,796","15,970,978","100,321","944,236","359,164","7,550,821",-1.340347464,13.4595502,79.46553877,29.62508382,1.219666856,-150.5770644
10/8/2025 0:00,"2,443,853","18,031,373","20,475,226","20,366,984","222,716","549,351","937,428","6,105,610",949,"6,106,558","6,015,003","23,081","16,409,083","16,432,164","15,901,477","89,433","931,483","374,474","7,501,000",-1.32060513,13.55333874,80.25388153,29.82412943,1.218479304,-151.4587991
11/8/2025 0:00,"2,368,307","17,836,522","20,204,830","20,092,042","256,374","516,165","921,387","6,047,841",825,"6,048,666","5,956,993","40,502","16,173,633","16,214,135","15,677,730","83,045","909,400","357,114","7,397,400",-0.721003263,13.2778546,80.24880769,29.93673397,1.219548682,-152.441462
12/8/2025 0:00,"2,355,015","17,704,137","20,059,152","19,942,850","337,637","534,661","890,914","5,973,361",807,"5,974,168","5,880,681","45,619","15,997,973","16,043,592","15,490,356","84,097","933,808","358,710","7,349,976",0.144020894,13.30205928,79.98140591,29.78275613,1.219331297,-152.3606644
13/8/2025 0:00,"2,437,504","17,650,537","20,088,041","19,966,754","271,352","524,747","937,130","5,989,765",737,"5,990,503","5,889,692","43,139","15,918,805","15,961,944","15,388,871","95,082","939,847","364,152","7,388,846",-2.17134912,13.80980133,79.45993171,29.82123758,1.218228055,-152.4139176
14/8/2025 0:00,"2,307,178","17,344,681","19,651,860","19,523,626","131,042","500,253","887,233","6,069,047",820,"6,069,868","5,963,364","40,261","15,580,546","15,620,807","15,040,209","88,879","910,823","359,006","7,427,755",-0.69229941,13.3019362,79.48767799,30.88698849,1.219297624,-153.3682007
15/8/2025 0:00,"2,248,738","17,267,072","19,515,810","19,381,615","143,806","512,876","900,123","6,052,733",696,"6,053,429","5,942,172","19,841","15,438,046","15,457,887","14,871,457","90,803","917,856","356,461","7,417,853",-1.204894278,13.0232731,79.20699513,31.01807663,1.218561971,-153.9754448
16/8/2025 0:00,"2,204,591","17,076,074","19,280,665","19,138,669","187,948","504,626","877,240","5,980,661",696,"5,981,357","5,868,392","18,865","15,132,449","15,151,314","14,558,874","94,141","959,345","344,692","7,378,840",-0.205927815,12.91041047,78.58294287,31.02256418,10.41389622,-555.0767149
17/8/2025 0:00,"2,212,312","17,028,649","19,240,961","19,094,165","93,310","508,423","890,708","5,900,814",775,"5,901,589","5,788,825","19,355","14,897,956","14,917,312","14,315,110","93,145","1,010,361","347,187","7,351,507",-0.380426722,12.99170863,77.52893184,30.67200509,10.47039141,-553.2411971
18/8/2025 0:00,"2,258,782","16,908,981","19,167,763","19,017,304","45,028","505,701","820,774","5,838,607",753,"5,839,360","5,726,793","20,836","14,766,287","14,787,123","14,176,844","96,924","899,279","349,919","7,184,729",-0.061274129,13.35847752,77.14579518,30.46448234,10.52724011,-550.328221
19/8/2025 0:00,"2,448,921","16,707,097","19,156,018",,"50,867","358,882","824,873","5,669,865",756,"5,670,620",,"27,906","14,355,812","14,383,718",,"113,882","871,167","335,423","6,990,336",-4.070063485,14.6579701,75.08720163,29.60229198,10.58435927,-560.415055
20/8/2025 0:00,"2,121,659","16,254,697","18,376,356",,"69,761","358,776","795,002","5,550,541",786,"5,551,328",,"36,350","13,857,621","13,893,970",,"95,358","852,417","331,613","6,829,929",-0.351252223,13.05259267,75.60786388,30.20907729,10.64372444,-558.393023
21/8/2025 0:00,"2,139,017","16,172,792","18,311,809",,"36,550","338,133","739,456","5,444,679",807,"5,445,485",,"21,292","13,838,155","13,859,447",,"97,295","838,212","326,366","6,706,552",-1.462964369,13.22602146,75.68584231,29.73756181,10.70531982,-560.127578
22/8/2025 0:00,"2,180,431","15,863,483","18,043,914",,"165,085","351,843","789,651","5,414,322",826,"5,415,148",,"19,906","13,655,330","13,675,235",,"90,263","809,907","326,601","6,641,093",-1.008982437,13.74496723,75.78863192,30.01093973,10.76765828,-560.313565
23/8/2025 0:00,"2,150,731","15,711,123","17,861,854",,"109,026","344,778","762,949","5,336,711",847,"5,337,558",,"35,276","13,414,992","13,450,269",,"97,233","797,986","323,009","6,554,938",-0.797372668,13.68922349,75.30163937,29.88244198,10.83085896,-559.7494437
24/8/2025 0:00,"2,156,747","15,562,681","17,719,428",,"121,622","326,191","731,701","5,193,768",853,"5,194,621",,"50,165","13,287,371","13,337,536",,"110,431","813,573","314,826","6,432,598",0.081016019,13.85845545,75.27069185,29.31596079,10.89363581,-556.0964306
25/8/2025 0:00,"2,201,751","15,532,033","17,733,784",,"127,472","326,294","752,638","5,095,190",854,"5,096,044",,"53,972","13,252,881","13,306,853",,"98,615","841,612","316,528","6,351,944",-2.461008632,14.17554818,75.03673889,28.7363594,10.9597172,-561.2026508
26/8/2025 0:00,"2,050,865","15,246,489","17,297,354",,"97,533","310,118","709,772","5,085,790",822,"5,086,612",,"52,240","12,895,573","12,947,813",,"112,441","814,570","315,811","6,328,612",-0.539101778,13.4513889,74.85430088,29.40687973,11.02602964,-559.6572337
27/8/2025 0:00,"2,025,649","15,178,455","17,204,104",,"145,382","295,604","711,772","5,050,880",879,"5,051,759",,"25,655","12,857,749","12,883,404",,"117,173","793,425","297,851","6,259,330",-1.000394442,13.34555409,74.88564516,29.36368873,11.09419199,-559.7157204
28/8/2025 0:00,"1,981,191","15,050,804","17,031,995",,"103,965","289,964","691,763","5,074,818",803,"5,075,622",,"21,788","12,608,087","12,629,875",,"110,168","767,171","297,784","6,249,941",-0.223926997,13.16335411,74.15382091,29.80051426,11.1624131,-556.9818419
29/8/2025 0:00,"2,022,999","14,970,856","16,993,855",,"98,308","278,245","662,206","5,066,468",790,"5,067,259",,"27,761","12,430,897","12,458,658",,"108,528","764,114","292,464","6,231,574",-0.126764391,13.51291667,73.31272163,29.81818219,11.23170242,-553.8716732
30/8/2025 0:00,"2,042,035","14,930,278","16,972,313",,"94,387","273,313","660,484","5,013,472",825,"5,014,297",,"32,345","12,337,006","12,369,350",,"108,463","834,457","276,885","6,233,277",-2.374433251,13.67713996,72.87957651,29.54398011,11.3043304,-558.6773427
31/8/2025 0:00,"1,946,298","14,623,019","16,569,317",,"94,302","284,388","666,773","4,880,840",736,"4,881,576",,"43,559","12,106,795","12,150,353",,"110,189","800,142","286,869","6,078,039",0.029917552,13.30981972,73.33044215,29.4615418,11.37598827,-554.9056634
1/9/2025 0:00,"1,985,767","14,588,507","16,574,274",,"95,276","281,120","637,358","4,770,031",784,"4,770,815",,"53,254","11,984,865","12,038,119",,"95,732","810,295","287,492","5,963,550",0.296858198,13.61186272,72.63135119,28.78445928,11.44832781,-550.1473092
2/9/2025 0:00,"1,994,772","14,628,704","16,623,476",,"94,388","266,830","610,135","4,770,855",902,"4,771,756",,"42,552","11,913,784","11,956,336",,"103,525","684,949","249,196","5,808,524",-0.951444592,13.63601585,71.92440388,28.70492537,11.52466387,-549.836385
3/9/2025 0:00,"2,072,747","14,392,567","16,465,313",,"94,299","258,649","640,848","4,728,179",769,"4,728,948",,"55,011","11,836,304","11,891,314",,"85,926","683,437","243,637","5,741,179",-1.50488805,14.40150734,72.22039595,28.7206662,11.60312237,-551.477841
4/9/2025 0:00,"1,963,976","14,253,553","16,217,529",,"96,123","251,956","638,266","4,669,023","1,209","4,670,231",,"68,224","11,575,493","11,643,717",,"88,258","664,473","232,823","5,654,577",-1.140755215,13.77885151,71.79711048,28.79743017,11.68286269,-551.8071288
5/9/2025 0:00,"1,912,237","14,120,289","16,032,526",,"94,286","266,584","605,809","4,579,446","1,231","4,580,677",,"82,390","11,386,587","11,468,977",,"88,818","681,336","240,868","5,590,468",1.305643375,13.54247611,71.53568136,28.57114707,11.75773621,-543.1477602
6/9/2025 0:00,"2,066,651","14,175,203","16,241,854",,"102,489","250,071","632,732","4,607,365",869,"4,608,235",,"88,680","11,493,407","11,582,087",,"94,182","716,432","226,892","5,644,872",-2.849047581,14.57933599,71.31013045,28.37258955,11.84113577,-549.4467149
7/9/2025 0:00,"1,820,862","13,958,254","15,779,116",,"101,928","242,590","608,764","4,582,873","1,622","4,584,495",,"82,415","11,079,778","11,162,193",,"98,432","683,604","219,798","5,584,707",-0.418875264,13.04505634,70.74029816,29.05419567,11.9247746,-547.0318512
8/9/2025 0:00,"1,822,965","13,890,056","15,713,021",,"93,603","250,217","570,505","4,637,469","1,189","4,638,658",,"63,697","10,980,922","11,044,619",,"107,401","638,589","232,591","5,616,050",-0.725979507,13.12424228,70.28959763,29.5211085,12.01082396,-545.7043574
9/9/2025 0:00,"1,823,739","13,775,208","15,598,948",,"92,382","227,943","583,385","4,662,056","1,262","4,663,319",,"62,342","10,894,475","10,956,817",,"98,703","638,826","201,009","5,600,593",-0.525017891,13.23928592,70.24074437,29.89508441,12.09836706,-543.5946718
10/9/2025 0:00,"1,790,996","13,726,054","15,517,050",,"91,806","234,251","556,198","4,591,955","1,324","4,593,279",,"68,801","10,828,800","10,897,601",,"101,721","641,437","195,991","5,531,104",0.206516708,13.04815027,70.22984922,29.60149821,12.18594504,-538.7426027
11/9/2025 0:00,"1,834,965","13,714,131","15,549,096",,"91,796","239,820","573,604","4,642,819","1,369","4,644,188",,"77,478","10,833,089","10,910,567",,"96,153","674,997","198,368","5,612,337",-1.611386473,13.38010462,70.16849768,29.86789611,12.27905617,-540.5037465
12/9/2025 0:00,"1,751,739","13,546,801","15,298,540",,"90,886","243,949","575,425","4,580,580","1,402","4,581,982",,"86,912","10,754,940","10,841,852",,"89,965","669,032","194,008","5,533,585",-0.858613347,12.93101614,70.8685424,29.95045632,12.3733342,-539.4907616
13/9/2025 0:00,"1,695,080","13,472,104","15,167,184",,"90,486","237,817","570,745","4,534,239","1,250","4,535,489",,"90,663","10,740,559","10,831,221",,"91,692","603,344","195,639","5,424,914",-0.216767836,12.58215128,71.41221,29.90330559,12.46836076,-536.0498642
14/9/2025 0:00,"1,727,332","13,406,975","15,134,307",,"89,731","260,087","557,214","4,477,633","1,180","4,478,813",,"58,335","10,802,150","10,860,485",,"93,128","552,893","205,597","5,329,250",-0.137398247,12.88382948,71.76070632,29.59377478,12.56538729,-532.2716311
15/9/2025 0:00,"1,861,193","13,252,320","15,113,512",,"90,275","254,589","656,607","4,461,632",894,"4,462,526",,"61,254","10,888,255","10,949,509",,"90,748","542,693","197,541","5,292,613",-1.190538767,14.04427768,72.44847322,29.52672769,12.66706327,-532.3227536
16/9/2025 0:00,"1,703,095","13,230,486","14,933,580",,"84,651","249,780","624,301","4,460,126","1,197","4,461,323",,"75,206","10,699,536","10,774,742",,"91,537","462,156","191,221","5,205,039",-0.875978925,12.87250189,72.15110056,29.87443842,12.77068656,-531.1751822
17/9/2025 0:00,"1,691,559","13,111,206","14,802,765",,"84,597","256,374","609,580","4,432,986","1,646","4,434,632",,"87,110","10,616,642","10,703,752",,"89,471","476,349","193,056","5,191,862",-2.187459776,12.90162797,72.30913753,29.95813292,12.87842654,-534.8527132
18/9/2025 0:00,"1,564,598","12,914,362","14,478,961",,"77,098","269,762","614,652","4,411,845","1,759","4,413,605",,"93,152","10,453,884","10,547,037",,"84,934","488,262","210,005","5,195,046",-0.749543355,12.11517977,72.84388045,30.48288454,12.9871168,-533.1433284
19/9/2025 0:00,"1,511,516","12,858,919","14,370,435",,"114,711","258,176","636,576","4,423,853","1,472","4,425,325",,"88,956","10,345,924","10,434,880",,"86,616","471,488","206,555","5,188,512",-0.549200276,11.75461188,72.61353373,30.79465008,13.09811862,-530.6142117
20/9/2025 0:00,"1,505,254","12,786,258","14,291,512",,"115,451","272,679","563,901","4,438,623","1,610","4,440,234",,"66,659","10,272,209","10,338,868",,"84,932","437,010","215,963","5,176,528",-0.20367771,11.77243528,72.34271512,31.06902645,13.21102166,-526.7099178
21/9/2025 0:00,"1,576,060","12,686,343","14,262,403",,"121,495","277,072","551,057","4,437,463","1,629","4,439,092",,"66,427","10,205,154","10,271,581",,"87,601","429,915","218,022","5,173,001",-0.600252419,12.42328417,72.01858392,31.12443161,13.32805373,-524.2545659
22/9/2025 0:00,"1,537,714","12,639,079","14,176,793",,"253,645","282,629","567,377","4,359,336","1,886","4,361,222",,"65,941","10,150,217","10,216,158",,"87,251","439,411","219,489","5,105,487",-0.109501077,12.16634682,72.06254621,30.76310719,13.44674671,-519.8781151
23/9/2025 0:00,"1,528,034","12,633,235","14,161,269",,"258,425","304,773","523,472","4,291,521","1,888","4,293,409",,"79,288","10,202,769","10,282,057",,"86,229","435,414","240,022","5,053,186",-2.077086531,12.09534908,72.60688762,30.31796746,13.57282629,-522.8456036
24/9/2025 0:00,"1,452,440","12,414,687","13,867,127",,"290,757","322,966","519,503","4,141,320","1,072","4,142,392",,"89,289","10,156,388","10,245,677",,"87,386","451,363","259,790","4,939,859",-0.268353072,11.6993688,73.8846418,29.87202362,13.69883879,-518.9209594
25/9/2025 0:00,"1,444,907","12,385,008","13,829,915",,"292,242","339,296","518,915","4,052,677","1,694","4,054,371",,"79,416","10,143,337","10,222,753",,"87,990","433,987","268,903","4,843,557",-0.77175171,11.66658031,73.9176883,29.31595067,13.82996788,-516.8544679
26/9/2025 0:00,"1,455,445","12,267,737","13,723,182",,"288,194","323,746","521,620","3,968,352","1,293","3,969,646",,"52,643","10,220,772","10,273,416",,"87,774","423,731","267,597","4,747,454",-1.134502897,11.86400227,74.86176145,28.92657032,13.96584865,-516.103549
27/9/2025 0:00,"1,617,003","11,950,489","13,567,492",,"285,623","314,513","603,676","3,738,696","8,653","3,747,349",,"51,764","10,319,097","10,370,861",,"87,260","536,186","260,238","4,622,380",-1.777955008,13.53085335,76.43903965,27.62005755,14.1070021,-517.7683298
28/9/2025 0:00,"1,459,926","11,866,342","13,326,268",,"54,186","318,460","584,468","3,769,060","9,227","3,778,287",,"65,596","10,039,270","10,104,866",,"82,361","550,033","261,959","4,663,413",-0.017011561,12.3030827,75.82667672,28.35217647,14.24772451,-512.5385928
29/9/2025 0:00,"1,431,011","11,892,990","13,324,001",,"16,915","274,771","543,730","3,730,741","4,773","3,735,514",,"78,900","10,026,276","10,105,176",,"81,845","550,704","231,623","4,594,913",-2.365059404,12.03239273,75.84190511,28.03597787,14.39836852,-516.3526766
30/9/2025 0:00,"1,354,800","11,654,080","13,008,881",,"25,746","263,617","559,953","3,712,898","11,330","3,724,228",,"85,143","9,862,301","9,947,444",,"81,116","562,488","226,493","4,582,995",-0.38748417,11.62511621,76.46656294,28.62834727,14.54963345,-512.3903224
1/10/2025 0:00,"1,331,740","11,626,734","12,958,473",,"24,246","253,267","507,772","3,715,868","3,700","3,719,568",,"91,304","9,768,999","9,860,303",,"84,984","517,462","307,657","4,625,971",0.15133727,11.45411624,76.09154575,28.7037552,14.70350254,-506.2178421
2/10/2025 0:00,"1,361,293","11,616,791","12,978,084",,"22,273","255,643","511,052","3,675,526","7,967","3,683,493",,"69,779","9,770,784","9,840,562",,"85,079","548,240","307,216","4,616,061",-0.551880387,11.71832442,75.82445973,28.38240801,14.86532436,-502.7398283
3/10/2025 0:00,"1,408,886","11,497,575","12,906,461",,"47,478","262,670","532,412","3,689,379","3,374","3,692,753",,"60,085","9,708,769","9,768,854",,"86,981","532,442","318,410","4,627,212",-0.978295691,12.25376372,75.68964102,28.61166592,15.03408725,-500.8307841
4/10/2025 0:00,"1,365,634","11,414,563","12,780,197",,"31,140","266,047","531,592","3,578,218","2,857","3,581,075",,"62,392","9,617,761","9,680,153",,"83,894","538,143","329,550","4,529,805",-1.014120836,11.96396658,75.74337934,28.02049822,15.20884739,-498.9688486
5/10/2025 0:00,"1,324,903","11,325,688","12,650,591",,"35,263","273,707","499,447","3,487,419","5,318","3,492,737",,"66,002","9,592,376","9,658,378",,"79,028","533,013","334,685","4,434,145",-1.249936193,11.698212,76.34724594,27.60927718,15.39058108,-497.9372071
6/10/2025 0:00,"1,288,828","11,203,638","12,492,467",,"51,230","262,500","490,287","3,464,636","2,010","3,466,646",,"71,419","9,577,349","9,648,768",,"79,451","503,248","320,878","4,368,212",0.05676196,11.50366061,77.23669508,27.74989132,15.57363172,-491.6478858
7/10/2025 0:00,"1,313,089","11,186,468","12,499,557",,"64,295","252,063","484,394","3,519,970","1,930","3,521,900",,"65,723","9,555,822","9,621,545",,"77,423","498,195","319,914","4,415,502",-0.125510185,11.73819047,76.975085,28.17619791,15.76431729,-485.9991224
8/10/2025 0:00,"1,351,722","11,132,147","12,483,869",,"105,478","254,808","487,896","3,454,331","1,180","3,455,511",,"43,162","9,577,784","9,620,945",,"78,168","522,944","319,908","4,375,351",0.720149303,12.14251126,77.06701581,27.67980542,15.95711306,-476.9967501
9/10/2025 0:00,"1,511,287","11,062,484","12,573,772",,"180,688","271,426","543,646","3,379,001","2,055","3,381,056",,"41,610","9,730,112","9,771,722",,"74,877","565,707","327,814","4,347,399",-3.613122347,13.66137378,77.71512501,26.88975285,16.17125058,-484.4183014
10/10/2025 0:00,"1,287,716","10,831,750","12,119,466",,"124,528","250,758","516,696","3,353,658","1,197","3,354,855",,"61,740","9,378,626","9,440,366",,"66,633","491,843","315,607","4,227,742",-1.101468091,11.88834264,77.89424003,27.68154279,16.389959,-482.2367865
11/10/2025 0:00,"1,216,819","10,769,155","11,985,974",,"104,995","256,876","489,834","3,361,983","1,448","3,363,431",,"70,949","9,261,606","9,332,555",,"68,628","501,646","318,895","4,251,152",-1.415831822,11.29910827,77.86229633,28.0613912,16.61897889,-481.1771049
12/10/2025 0:00,"1,189,913","10,626,360","11,816,273",,"177,989","255,216","537,092","3,346,558","1,353","3,347,911",,"77,342","9,210,294","9,287,636",,"69,219","482,114","311,928","4,209,820",-0.022837013,11.19774415,78.6003828,28.33305401,16.85104127,-474.4305845
13/10/2025 0:00,"1,225,962","10,587,612","11,813,574",,"144,572","225,198","513,478","3,425,087","1,074","3,426,161",,"72,288","9,060,338","9,132,626",,"76,242","476,573","287,252","4,265,154",-0.358227228,11.57921567,77.30620996,29.00190067,17.09515167,-468.903036
14/10/2025 0:00,"1,237,590","10,533,665","11,771,255",,"132,608","236,780","490,953","3,434,871",986,"3,435,857",,"55,035","8,978,940","9,033,975",,"76,337","474,761","285,999","4,271,967",0.242969343,11.74890089,76.74606812,29.18853289,17.34617966,-460.8913033
15/10/2025 0:00,"1,309,588","10,490,268","11,799,855",,"179,616","236,108","502,545","3,446,304","1,683","3,447,987",,"47,664","8,934,000","8,981,664",,"72,505","505,127","284,586","4,308,522",-1.299503564,12.48383371,76.11673019,29.22058383,17.61800469,-458.728176
16/10/2025 0:00,"1,229,034","10,417,481","11,646,516",,"61,661","234,936","520,551","3,503,463","1,234","3,504,696",,"48,854","8,731,899","8,780,753",,"70,969","475,461","287,642","4,337,535",-1.79776551,11.79780717,75.39381712,30.09223075,17.90522167,-458.3422029
17/10/2025 0:00,"1,162,194","10,274,945","11,437,139",,"74,630","226,690","466,382","3,462,292","5,054","3,467,346",,"50,642","8,559,091","8,609,734",,"67,555","483,231","279,280","4,292,358",-0.735815339,11.31095274,75.27873779,30.31654681,18.20147817,-453.6523714
18/10/2025 0:00,"1,176,326","10,176,656","11,352,983",,"99,890","241,562","477,636","3,395,508","1,056","3,396,564",,"62,538","8,551,880","8,614,419",,"70,773","485,127","285,556","4,236,965",-0.001410209,11.55906465,75.87802173,29.91781546,18.50760385,-445.9113766
19/10/2025 0:00,"1,169,887","10,182,936","11,352,822",,"58,179","244,325","489,814","3,372,680","1,204","3,373,884",,"52,911","8,484,745","8,537,655",,"67,231","470,854","287,065","4,197,830",0.25191339,11.48869672,75.20293258,29.71846091,18.82748746,-437.061716
20/10/2025 0:00,"1,217,580","10,163,842","11,381,422",,"47,576","248,505","497,804","3,359,597","1,211","3,360,808",,"52,035","8,465,590","8,517,625",,"69,029","490,062","287,874","4,206,562",0.392110114,11.97952518,74.83797083,29.52889558,19.16316476,-427.5764904
21/10/2025 0:00,"1,370,282","10,055,767","11,426,049",,"273,978","228,198","558,868","3,317,406","1,048","3,318,454",,"41,989","8,583,436","8,625,425",,"60,065","525,686","261,456","4,164,613",-3.708850325,13.62682821,75.48912618,29.04287953,19.54203524,-433.1567453
22/10/2025 0:00,"1,127,765","9,874,509","11,002,274",,"66,093","222,708","506,565","3,401,389","1,417","3,402,805",,"47,552","8,175,656","8,223,208",,"60,853","450,429","257,064","4,169,736",-0.680151386,11.4209715,74.74098338,30.92820024,19.92905314,-427.2225365
23/10/2025 0:00,"1,112,136","9,815,306","10,927,442",,"52,627","236,671","479,233","3,362,092","1,493","3,363,586",,"58,606","8,083,400","8,142,006",,"62,829","452,322","259,705","4,136,949",-0.975231226,11.33063423,74.50971636,30.7810895,20.34253601,-422.1733987
24/10/2025 0:00,"1,133,961","9,686,913","10,820,874",,"120,315","225,134","497,163","3,331,708","1,805","3,333,513",,"66,446","8,001,821","8,068,267",,"71,151","447,670","242,143","4,092,671",-0.240726715,11.70611817,74.56206092,30.80632022,20.77582112,-414.0621528
25/10/2025 0:00,"1,113,233","9,681,593","10,794,826",,"56,272","215,208","475,185","3,346,900","1,944","3,348,844",,"74,375","7,860,339","7,934,715",,"68,583","436,590","249,074","4,101,147",0.025258247,11.4984487,73.50479636,31.02268067,21.23494246,-404.7233201
26/10/2025 0:00,"1,140,697","9,656,855","10,797,552",,"32,740","212,839","467,388","3,328,485","1,767","3,330,252",,"62,225","7,822,420","7,884,645",,"76,037","437,059","251,139","4,092,720",1.111272429,11.81230759,73.02252158,30.84265861,21.71062941,-391.2146221
27/10/2025 0:00,"1,236,880","9,680,663","10,917,542",,"40,530","216,112","487,002","3,324,506","1,291","3,325,797",,"46,368","7,937,069","7,983,438",,"81,826","453,406","250,255","4,109,994",-2.648159755,12.77680653,73.12485909,30.46287663,22.26419081,-390.9692908
28/10/2025 0:00,"1,103,706","9,524,723","10,628,428",,"3,710","210,235","499,002","3,300,989","1,869","3,302,859",,"54,341","7,626,798","7,681,138",,"71,334","440,980","250,849","4,064,152",-0.49691207,11.58779713,72.26974614,31.0757025,22.83972131,-382.6917586
29/10/2025 0:00,"1,086,937","9,488,677","10,575,615",,"8,193","209,112","476,382","3,258,839","2,062","3,260,901",,"52,429","7,607,468","7,659,898",,"68,097","430,627","246,766","4,004,329",-0.22414665,11.45509638,72.42981313,30.83415115,23.45825425,-373.105984
30/10/2025 0:00,"1,115,088","9,436,822","10,551,910",,"1,540","214,075","483,039","3,217,842","1,817","3,219,658",,"58,341","7,577,349","7,635,689",,"70,239","429,511","250,489","3,968,081",-0.496097823,11.81634787,72.36310286,30.51256544,24.13427807,-364.1289545
31/10/2025 0:00,"1,077,636","9,421,926","10,499,562",,"2,285","217,952","503,684","3,210,203","1,768","3,211,972",,"60,701","7,508,757","7,569,458",,"64,688","432,950","245,382","3,953,223",0.617629661,11.43753099,72.09308802,30.59148149,24.85106906,-350.9643071
1/11/2025 0:00,"1,117,716","9,446,695","10,564,410",,"1,825","238,982","462,624","3,181,227","1,851","3,183,078",,"55,682","7,526,709","7,582,391",,"59,943","448,213","249,935","3,939,318",1.829215836,11.83181811,71.77296738,30.13020135,25.60545928,-333.6304204
2/11/2025 0:00,"1,281,439","9,476,217","10,757,656",,"21,810","233,072","463,714","3,029,748","1,215","3,030,963",,"53,927","7,787,539","7,841,466",,"61,360","508,773","243,730","3,843,611",-2.954548939,13.52268842,72.89195621,28.17494154,26.53746466,-331.2232063
3/11/2025 0:00,"1,057,648","9,382,168","10,439,816",,"12,835","218,632","480,265","3,325,819","1,877","3,327,696",,"105,542","7,353,308","7,458,850",,"57,145","428,235","245,878","4,057,076",0.050726178,11.27296277,71.44617922,31.87504361,27.51525939,-318.752718
4/11/2025 0:00,"1,054,549","9,390,562","10,445,112",,"15,875","229,730","482,063","3,570,241","2,289","3,572,530",,"104,014","7,285,514","7,389,528",,"63,097","431,998","257,925","4,323,261",0.236433465,11.22988455,70.74628219,34.20289084,28.60366731,-305.2290329
5/11/2025 0:00,"1,078,529","9,391,279","10,469,807",,"12,645","238,249","508,618","3,601,863","3,141","3,605,004",,"105,064","7,212,327","7,317,391",,"139,795","431,156","273,115","4,445,928",0.141884939,11.48436586,69.89040906,34.43237881,29.83478067,-291.4679478
6/11/2025 0:00,"1,077,117","9,407,546","10,484,662",,"3,070","243,437","495,949","3,231,991","2,131","3,234,123",,"91,780","7,169,973","7,261,754",,"266,273","417,289","268,127","4,183,680",-5.273162565,11.44949652,69.26072868,30.84622579,31.40072219,-292.580673
7/11/2025 0:00,"934,271","8,997,518","9,931,789",,"52,512","224,751","482,037","2,881,395","1,787","2,883,182",,"102,229","7,282,185","7,384,414",,"65,506","418,413","261,555","3,626,869",1.629689973,10.38364974,74.35129566,29.0298367,32.98531626,-272.4733458
8/11/2025 0:00,"1,042,784","9,050,862","10,093,647",,"34,367","223,729","458,150","2,855,398","1,433","2,856,830",,"85,463","7,409,406","7,494,868",,"61,950","412,406","260,677","3,590,430",-4.115420325,11.52137944,74.25332741,28.3032525,35.11698857,-267.9725599
9/11/2025 0:00,"890,554","8,787,697","9,678,251",,"10,214","208,777","477,152","2,808,065","1,661","2,809,726",,"103,517","7,144,202","7,247,719",,"61,731","388,797","223,879","3,482,471",-0.582167387,10.13409426,74.8866631,29.03134004,37.53488273,-252.0197355
10/11/2025 0:00,"867,185","8,754,722","9,621,907",,"29,968","214,226","459,808","2,791,197","1,864","2,793,062",,"105,461","7,135,087","7,240,548",,"64,713","386,742","234,923","3,477,574",-0.81464615,9.905335892,75.25065116,29.02814985,40.55108013,-235.2133716
11/11/2025 0:00,"884,711","8,658,812","9,543,522",,"82,743","211,313","481,562","2,744,580","1,684","2,746,263",,"100,383","7,127,578","7,227,960",,"61,905","394,021","238,778","3,439,284",-0.308437423,10.21746257,75.73681942,28.77620303,44.37885767,-215.1549578
12/11/2025 0:00,"875,575","8,638,511","9,514,087",,"95,740","215,328","479,563","2,730,556","1,613","2,732,169",,"110,661","7,115,780","7,226,441",,"63,881","383,948","248,961","3,427,345",0.118116251,10.13572126,75.95517807,28.71708918,49.46382541,-191.6266109
13/11/2025 0:00,"903,763","8,621,561","9,525,324",,"88,650","225,998","480,662","2,691,026","1,546","2,692,572",,"104,070","7,128,225","7,232,295",,"62,073","398,272","257,335","3,408,706",-2.079030132,10.48259475,75.92701739,28.26751479,57.39758908,-170.199054
14/11/2025 0:00,"888,996","8,438,294","9,327,290",,"232,467","225,026","504,040","2,623,933","1,576","2,625,509",,"105,254","7,144,361","7,249,615",,"57,438","387,442","260,399","3,329,213",-0.298914072,10.53525993,77.72477278,28.14867749,70.09373678,-138.9749356
15/11/2025 0:00,"840,336","8,459,073","9,299,409",,"183,945","222,504","473,409","2,702,653","1,825","2,704,479",,"107,782","7,036,996","7,144,778",,"57,508","387,106","265,607","3,412,874",-0.872486801,9.934136626,76.83045447,29.08226476,#DIV/0!,#DIV/0!
16/11/2025 0:00,"812,124","8,406,149","9,218,273",,"161,941","228,490","452,968","2,697,553","1,863","2,699,417",,"102,187","6,953,290","7,055,477",,"61,286","380,788","264,063","3,403,690",-100,9.661073024,76.53795024,29.28332049,#DIV/0!,#DIV/0!
